"name";"type"
"aceyte_de_almendras_sin_fuego";"varios"
"aceyte_de_huevos";"varios"
"adobos_4e_solomillos";"fiambres"
"agraz_para_todo_el_año";"varios"
"aguja_paladar";"pescados"
"alberchigos";"conservas"
"albondiguilla_1_de_borrajas";"verduras"
"albondiguillas_castellanas";"carnes-carnero"
"albondiguillas_de_ave";"carnes-ave"
"albondiguillas_de_el_sollo";"pescados"
"albondiguillas_de_pan_rallado_y_grasa";"carnes-ternera"
"albondiguillas_reales";"carnes-ternera"
"almoj_avanas_de_quajada";"dulces"
"anades_estofadas";"carnes-anade"
"arrcz_á_la_portuguesa";"arroces"
"arroz_de_grasa";"arroces"
"arteletes_asados";"empanadas_pasteles_y_masas"
"arteletes_de_aves";"empanadas_pasteles_y_masas"
"arteletes_de_sollo";"empanadas_pasteles_y_masas"
"atún_lampreado";"pescados"
"azúcar_rosada_colorado";"conservas"
"azúcar_rosado_blanca";"conservas"
"baño_blanco_de_rosquillas";"dulces"
"barbos_en_moteta";"pescados"
"batido_de_los_vizcachas_de_almidón_sin_vidriado";"dulces"
"besugos_en_escabeche_al_uso_de_portugal";"pescados"
"bgrengenas_rellenas";"verduras"
"bocados_de_calabaza";"conservas"
"bocados_de_durazno";"conservas"
"bollitos_fardos";"dulces"
"bollo_de_rodilla";"empanadas_pasteles_y_masas"
"bollo_de_tnazapan_y_manteca_fresca";"dulces"
"bollo_de_vacia";"empanadas_pasteles_y_masas"
"bollo_fíete";"empanadas_pasteles_y_masas"
"bollo_maymon";"empanadas_pasteles_y_masas"
"bollo_roscan";"empanadas_pasteles_y_masas"
"bollos_pardos";"empanadas_pasteles_y_masas"
"borrajas_con_caldo_de_carne";"verduras"
"buñuelos_de_arroz";"arroces"
"buñuelos_de_manjar_blanco";"empanadas_pasteles_y_masas"
"buñuelos_de_queso_asadero";"lacteos"
"buñuelos_de_queso_fresco";"lacteos"
"buñuelos_de_viento";"dulces"
"cabezuelas_de_e_abrito_rellenas";"carnes-cabrito"
"cabrito_felleno_cocido";"carnes-cabrito"
"cabrito_relleno_asado";"carnes-cabrito"
"calabaza_en_día_de_carne";"verduras"
"calabaza_frita";"verduras"
"calabaza_rellena_en_el_día_de_pescado";"verduras"
"calabaza_rellena_en_platillos";"verduras"
"calabazate";"conservas"
"capirotada_de_huevos";"huevos"
"capón_á_la_tudesca";"carnes-capon"
"capón_en_gigote_sobre_sopa_de_natas";"carnes-capon"
"caracales_rellenes";"carnes-caracol"
"carbonadillas_de_ternera_estofadas";"carnes-ternera"
"carne_de_membrillos_delicada";"jaleas"
"caxas_de_f_erada";"conservas"
"cazo_illas_de_manjar_blanco";"sopas_potajes_y_cazuelas"
"cazuela_de_arroz";"arroces"
"cazuela_de_arroz_sin_dulce";"arroces"
"cazuela_de_criadillas_de_tierra";"sopas_potajes_y_cazuelas"
"cazuela_de_engullas";"sopas_potajes_y_cazuelas"
"cazuela_de_faxartllos";"carnes-ave"
"cazuela_de_lampreada";"sopas_potajes_y_cazuelas"
"cazuela_de_pies_de_puerco";"sopas_potajes_y_cazuelas"
"cazuela_de_truchas";"sopas_potajes_y_cazuelas"
"cazuela_mogi_de_btrtngenas";"sopas_potajes_y_cazuelas"
"cazuela_verde_de_pies_de_puerco";"sopas_potajes_y_cazuelas"
"cazuelas_de_acenorias_y_pescado_cecial";"pescados"
"cebollas_rellenas";"verduras"
"chorizos_de_puerco";"fiambres"
"ciruelas_de_genova";"jaleas"
"colas_de_carnero_con_agraz";"carnes-carnero"
"como_se_aderesan_los_mariscos";"tecnicas"
"como_se_aderesan_los_ostiones";"tecnicas"
"como_se_adereza_el_atutu";"tecnicas"
"como_se_adereza_el_relleno";"tecnicas"
"como_se_adereza_el_sollo";"tecnicas"
"como_se_adereza_la_ealabaza";"tecnicas"
"como_se_adereza_la_ubre_de_la_javalina";"tecnicas"
"como_se_adereza_una_frasia_de_ternera";"tecnicas"
"como_se_aderezan_las_carpas";"tecnicas"
"como_se_aderezan_las_chorchas";"tecnicas"
"como_se_aderezan_las_espinacas";"tecnicas"
"como_se_aderezan_las_ferdtzes";"tecnicas"
"como_se_aderezan_los_caracoles";"tecnicas"
"como_se_aderezan_los_ñavoj";"tecnicas"
"como_se_aparan_los_pabasi";"tecnicas"
"como_se_ba_de_beneficiar_un_javalu";"tecnicas"
"como_se_ba_de_hacer_el_arroz";"tecnicas"
"como_se_bace_el_alcuzcuz";"tecnicas"
"como_se_bah_de_asar_los_ax_arillos_gordos";"tecnicas"
"como_se_ban_de_acarar_as_aves_en_la_cocina";"tecnicas"
"como_se_guisa_el_alcuzcuz";"tecnicas"
"como_se_guisan_las_criadillas_de_ternera";"tecnicas"
"como_se_guisan_las_engullas";"tecnicas"
"como_se_guisan_tas_langostas";"tecnicas"
"como_se_ha_de_aderezar_un_venada";"tecnicas"
"como_se_hace_la_ternera";"tecnicas"
"como_se_hacen_las_mantequillas_de_leche_de";"lacteos"
"como_se_hacen_los_rellenos";"tecnicas"
"como_se_hacen_los_tasajos_de_venado";"tecnicas"
"como_se_han_de_aderazar_algunos_pescados";"tecnicas"
"como_se_manen_las_aves_en_dos_boros";"tecnicas"
"cómo_se_puede_asar_una_pella_de_manteca_de";"tecnicas"
"como_se_puede_freír_asar_y_cocer_un_pesar";"tecnicas"
"como_se_puede_levar_fa_carne_de_un_vena";"tecnicas"
"como_te_aderezan_los_cangrejas";"tecnicas"
"conejos";"carnes-conejo"
"conejos_en_empanada";"carnes-conejo"
"conejos_en_molla";"carnes-conejo"
"conejos_rellenes";"carnes-conejo"
"conserva_de_manjar_blanco";"conservas"
"corno_se_adereza_una_cabeza_de_terne_fá";"tecnicas"
"corno_se_aderezan_es_hígados_de_venado";"tecnicas"
"corno_se_aderezan_las_truchas";"tecnicas"
"corno_se_ha_de_salar_eí_javali";"tecnicas"
"corte_de_le_cbon";"carnes-cerdo"
"costrada_de_asadurillas_de_cabrito";"carnes-cabrito"
"costrada_de_atun";"empanadas_pasteles_y_masas"
"costrada_de_mollejas_de_ternera_y_menudillos";"carnes-ternera"
"criadillas_de_tierra_con_huevos_rehueltos";"carnes-varios"
"de_como_se_cuece_el_javali_fresco";"tecnicas"
"de_todo_genero_de_asado";"tecnicas"
"del_adovo_de_azeytunas";"varios"
"diácitron";"conservas"
"duraznos";"conservas"
"empanada_de_lampréa";"empanadas_pasteles_y_masas"
"empanada_dé_pemil_dé_tocino";"empanadas_pasteles_y_masas"
"empanadas_de_javali_calientes";"empanadas_pasteles_y_masas"
"empanadas_de_liebre";"empanadas_pasteles_y_masas"
"empanadas_de_perdizes";"empanadas_pasteles_y_masas"
"empanadas_de_pollos_ensopados";"empanadas_pasteles_y_masas"
"empanadas_de_sollo";"empanadas_pasteles_y_masas"
"empanadas_de_ternera";"empanadas_pasteles_y_masas"
"empanadas_de_venado";"empanadas_pasteles_y_masas"
"empanadas_frías_de_javali";"empanadas_pasteles_y_masas"
"empanadillas_de_masa_dulce";"empanadas_pasteles_y_masas"
"empanadillas_de_quajada";"empanadas_pasteles_y_masas"
"empanadillas_de_sardinas";"empanadas_pasteles_y_masas"
"engullas_en_pan";"pescados"
"ensalada_de_acenorias";"verduras"
"escabeche_de_atún";"pescados"
"espinacas_á_la_portuguesa";"verduras"
"estoeafix";"pescados"
"farro";"verduras"
"flor_de_borrajas";"conservas"
"flor_de_romero";"conservas"
"fricase_a_de_huevos";"huevos"
"fricasé_de_cesas_fiambres";"fiambres"
"fruta_de_almendras";"frutas"
"fruta_de_borrajas";"frutas"
"fruta_de_caitas";"frutas"
"fruta_de_cañas";"frutas"
"fruta_de_fartes";"frutas"
"fruta_de_fillos";"frutas"
"fruta_de_frisuelos";"frutas"
"fruta_de_pinas";"frutas"
"fruta_de_prestiños";"frutas"
"fruta_ie_chicharrones";"frutas"
"fruta_rellena";"frutas"
"frutillas_de_manjar_blanco";"frutas"
"gallina_á_la_morisca";"carnes-gallina"
"gallina_morisca";"carnes-gallina"
"garbanzos_dulces_con_membrillos";"sopas_potajes_y_cazuelas"
"gigote_de_conejos";"carnes-conejo"
"gigote_de_liebre";"carnes-liebre"
"gigote_de_liebres";"carnes-liebre"
"gigote_de_una_pierna_de_carnero";"carnes-carnero"
"gilea_de_vino";"dulces"
"ginebtadas";"dulces"
"grullas_asadas";"carnes-grulla"
"habas_en_d_a_de_carne";"sopas_potajes_y_cazuelas"
"hinojo_conservado";"jaleas"
"hongos";"verduras"
"huevos_ar_reliados";"huevos"
"huevos_con_cominos";"huevos"
"huevos_crecidos";"huevos"
"huevos_de_alforja";"huevos"
"huevos_de_capirote";"huevos"
"huevos_dorados";"huevos"
"huevos_en_escudilla";"huevos"
"huevos_en_puchero";"huevos"
"huevos_encanutados";"huevos"
"huevos_esponjados";"huevos"
"huevos_hilados";"huevos"
"huevos_rebueltos";"huevos"
"jalea_de_agraz";"jaleas"
"jalea_de_amacenas";"jaleas"
"jalea_de_membrillos";"jaleas"
"la_oruga_de_miel";"dulces"
"lamprea_asada";"pescados"
"lamprea_en_cecina";"pescados"
"langosta_rellena";"pescados"
"las_anades_y_zarcetas";"carnes-anade"
"lecbones_asados";"carnes-lechon"
"lechugas_rellenas";"verduras"
"lechugas_rellenas_en_dia_de_same";"verduras"
"limones_ceuties";"conservas"
"lina_empanada_de_pecho_de_vaca";"empanadas_pasteles_y_masas"
"ljn_flato_de_papin_tostado_con_cañas_huevos";"dulces"
"lo_quf_se_ha_de_hacer_del_redaño_del_venado";"tecnicas"
"longanizas";"fiambres"
"manecillas_de_cabrito";"carnes-cabrito"
"manjar_blanco";"sopas_potajes_y_cazuelas"
"manjar_blanco_de_pescado";"pescados"
"manteca_de_almendras_amarillas";"verduras"
"manteca_de_vézalas";"lacteos"
"martillas_de_fuerco_dulces";"fiambres"
"mazapanes_de_dos_pastas";"dulces"
"mazapanes_en_ahnivan";"dulces"
"mazapanes_secos";"dulces"
"melindres_de_azúcar";"dulces"
"melocotones";"conservas"
"membrillos_asados";"verduras"
"membrillos_paro_la_mermelada";"conservas"
"memoria_de_la_mostaza_negra";"dulces"
"memoria_de_las_berengenas_en_escabeche";"verduras"
"memoria_de_las_rosquillas";"dulces"
"memoria_de_los_mostachones";"dulces"
"memoria_de_los_vizcocbuelos";"dulces"
"migas_de_gato";"migas"
"migas_de_la_grasa_del_venada";"migas"
"migas_de_leche";"migas"
"migas_ds_natas";"migas"
"morcillas_blancas_de_camara";"fiambres"
"mpanadas_de_perdizes_con_masa_de_bo";"empanadas_pasteles_y_masas"
"navos_lampreados";"verduras"
"navos_qu_ajados";"verduras"
"ñoclos_de_masa_dulce";"dulces"
"nueces_en_conserva";"jaleas"
"o_tro_platillo_de_criadillas_de_tierra";"carnes-varios"
"ojaldre_con_enxundia_de_fuerco";"empanadas_pasteles_y_masas"
"ojaldre_con_lech";"empanadas_pasteles_y_masas"
"ojaldre_de_mazapan";"empanadas_pasteles_y_masas"
"ojaldre_de_torreznos";"empanadas_pasteles_y_masas"
"ojaldres_bizcochados";"empanadas_pasteles_y_masas"
"ojaldrilla_de_manteca_de_vacas";"empanadas_pasteles_y_masas"
"ojaldrtllas_fritas";"empanadas_pasteles_y_masas"
"olla_de_atún";"pescados"
"olla_de_liebre";"carnes-liebre"
"oruga_de_azúcar";"dulces"
"otr_a_capirotada_de_huevos_rellenos_r";"huevos"
"otra_ave_ert_alfitete_frío";"carnes-ave"
"otra_de_pichones_y_natas";"empanadas_pasteles_y_masas"
"otra_fiema_estofada_de_otra_manera";"carnes-carnero"
"otra_manera_de_agraz";"varios"
"otra_manera_de_borfajas";"verduras"
"otra_manera_de_carnero_verde";"carnes-carnero"
"otra_manera_de_masa_de_bollos";"empanadas_pasteles_y_masas"
"otra_manteca_de_almendras_blanca";"verduras"
"otra_panetela";"dulces"
"otra_pierna_de_otra_manera";"carnes-carnero"
"otra_plato_de_huevos_hilados";"huevos"
"otra_priena_estofada";"carnes-carnero"
"otra_sopa_borracha";"sopas_potajes_y_cazuelas"
"otra_sopa_borracha_diferente";"sopas_potajes_y_cazuelas"
"otra_sopa_borracha_fría";"sopas_potajes_y_cazuelas"
"otra_sopa_de_natas";"sopas_potajes_y_cazuelas"
"otra_sopa_de_vaca";"sopas_potajes_y_cazuelas"
"otra_sustancia_asada";"enfermos_y_pobres"
"otra_torta_de_dama";"empanadas_pasteles_y_masas"
"otra_torta_de_danta";"dulces"
"otra_torta_de_natas";"empanadas_pasteles_y_masas"
"otras_albondiguillas";"carnes-ternera"
"otras_almojavanas_de_quajada_diferentes";"dulces"
"otras_babas";"sopas_potajes_y_cazuelas"
"otras_empanadas_de_javali";"empanadas_pasteles_y_masas"
"otras_empanadas_en_asador";"empanadas_pasteles_y_masas"
"otras_empanadillas";"empanadas_pasteles_y_masas"
"otras_empanadillas_de_criadillas_de_tierra";"empanadas_pasteles_y_masas"
"otras_empanadillas_de_pies_de_puerco";"empanadas_pasteles_y_masas"
"otras_ginebrada";"dulces"
"otras_ojaldrillas_pequeñas";"empanadas_pasteles_y_masas"
"otro";"pescados"
"otro_bolla_sombrero";"empanadas_pasteles_y_masas"
"otro_capón_diferente";"carnes-capon"
"otro_capón_relleno";"carnes-capon"
"otro_cocimiento_de_truchas";"pescados"
"otro_flatillo_de_cahesueías_de_cabrito";"carnes-cabrito"
"otro_gigote_de_conejos_frió";"carnes-conejo"
"otro_platillo_con_yervos";"carnes-pollo"
"otro_platillo_de_cabezuelas_de_cabrito";"carnes-cabrito"
"otro_platillo_de_cardo";"verduras"
"otro_plato_de_cabezuelas_y_asaduras_de_cabrito";"carnes-cabrito"
"otro_plato_de_medio_cabrito";"carnes-cabrito"
"otro_vinagre_de_sabuco";"varios"
"otros_artaletes_de_aves";"empanadas_pasteles_y_masas"
"otros_artaletes_de_ternera";"empanadas_pasteles_y_masas"
"otros_buñuelos_dé_manjar_blanca";"empanadas_pasteles_y_masas"
"otros_buñuelos_de_viento";"dulces"
"otros_buñuelos_de_viento_diferentes";"dulces"
"otros_de_cabrito";"empanadas_pasteles_y_masas"
"otros_flaones";"dulces"
"otros_garbanzos_dulces";"sopas_potajes_y_cazuelas"
"otros_huevos_rellenos";"huevos"
"otros_palominos_abogados";"carnes-paloma"
"otros_panecillos_rellenos";"empanadas_pasteles_y_masas"
"otros_pastelones_de_javali";"empanadas_pasteles_y_masas"
"otros_pastelones_picados";"empanadas_pasteles_y_masas"
"otros_picatostes_de_riñones_de_ternera";"carnes-ternera"
"otros_vizcocbos_secos";"dulces"
"otros_vizcochos";"dulces"
"otros_vizcoehos";"dulces"
"p_enteles_de_pies_de_puerco";"empanadas_pasteles_y_masas"
"p_otrs_suerte_dt_rosquillas";"dulces"
"palentinos_ahogados";"carnes-paloma"
"palomas_toreaces_con_salsa_de_almendras";"carnes-paloma"
"palominos_armados";"carnes-paloma"
"pan_de_leche";"dulces"
"panecillos_de_colaciones";"empanadas_pasteles_y_masas"
"panecillos_rellenos_de_conservas";"empanadas_pasteles_y_masas"
"papin_de_harina_de_trigo";"dulces"
"para_los_vizcochos_de_almidón";"dulces"
"pastel_de_caracoles";"empanadas_pasteles_y_masas"
"pastel_de_cardos";"empanadas_pasteles_y_masas"
"pastel_de_criadillas_de_tierra";"empanadas_pasteles_y_masas"
"pastel_de_ostiones";"empanadas_pasteles_y_masas"
"pastel_de_pollos_ó_pichones";"empanadas_pasteles_y_masas"
"pastel_de_ranas";"empanadas_pasteles_y_masas"
"pastel_de_sollo";"empanadas_pasteles_y_masas"
"pastel_embote_de_carpas";"empanadas_pasteles_y_masas"
"pasteles_de_cabezas_de_carnero";"empanadas_pasteles_y_masas"
"pasteles_de_carnero_y_de_pemil_de_tocino";"empanadas_pasteles_y_masas"
"pasteles_de_leche";"dulces"
"pasteles_de_piñones_y_huevos_me_sidas";"empanadas_pasteles_y_masas"
"pasteles_de_tetilla";"empanadas_pasteles_y_masas"
"pasteles_flaones";"dulces"
"pasteles_ojaldrados";"empanadas_pasteles_y_masas"
"pastelillos_s_abóyanos";"empanadas_pasteles_y_masas"
"pastelón_de_atún";"empanadas_pasteles_y_masas"
"pastelón_de_truchas";"empanadas_pasteles_y_masas"
"pastelones_de_cidra_verde";"dulces"
"pastelones_de_javatí_picados";"empanadas_pasteles_y_masas"
"pefitoria";"carnes-ave"
"pepinos_en_vinagre_para_todo_el_año";"varios"
"peras_en_alminar";"conservas"
"peras_secas_cubiertas";"conservas"
"perdices_rellenas";"carnes-perdiz"
"perdizes_asadas_con_aceyte";"carnes-perdiz"
"pernil_cocido_sin_remojar";"carnes-cerdo"
"picatostos_de_manjar_blanco";"empanadas_pasteles_y_masas"
"pichones_ensopados";"carnes-pichon"
"pistos_faro_enfermos";"enfermos_y_pobres"
"platillo_con_membrillos";"carnes-pollo"
"platillo_de_alcachofas";"verduras"
"platillo_de_almendrucos";"verduras"
"platillo_de_artaletes_de_ternera";"empanadas_pasteles_y_masas"
"platillo_de_asadurillas_da_cabrito";"carnes-cabrito"
"platillo_de_cabrito";"carnes-cabrito"
"platillo_de_canas_de_vaca";"carnes-ternera"
"platillo_de_cardillos";"verduras"
"platillo_de_eabesuelas_de_cabrito_y_de";"carnes-cabrito"
"platillo_de_huevos_duues";"huevos"
"platillo_de_las_puntas_de_cuernos_de_venado";"carnes-venado"
"platillo_de_lechugas_y_otras_yervos";"verduras"
"platillo_de_truchas_y_berzas";"pescados"
"platillo_do_cardo";"verduras"
"platillos_sin_verduras";"carnes-carnero"
"plato_de_albondiguillas_fritas";"carnes-ternera"
"plato_de_berengenas_en_dia_de_carne";"verduras"
"plato_de_folios_rellenos_con_membrillos";"carnes-pollo"
"plato_de_huevos_mexidos";"huevos"
"plato_quajado_de_calabaza_i";"verduras"
"pollos_asados_con_su_salsa";"carnes-pollo"
"pollos_rellenas";"carnes-pollo"
"pollos_rellenos_cocidos";"carnes-pollo"
"pomo_se_bit_de_salar_el_vena_do_y_se_puede";"tecnicas"
"pota_ge_de_calabaza";"sopas_potajes_y_cazuelas"
"potage_de_acenorias";"sopas_potajes_y_cazuelas"
"potage_de_arbejas";"sopas_potajes_y_cazuelas"
"potage_de_babas";"sopas_potajes_y_cazuelas"
"potage_de_calabaza_redonda_t";"sopas_potajes_y_cazuelas"
"potage_de_castañas";"sopas_potajes_y_cazuelas"
"potage_de_triga";"sopas_potajes_y_cazuelas"
"qiiesadiljas_de_horno";"lacteos"
"quartos_de_membrillos";"jaleas"
"quesadillas_de_mazapan";"lacteos"
"quesadillas_fritas_de_quajada";"lacteos"
"queso_de_cabeza_de_javali";"lacteos"
"raíces_de_escorzonera";"conservas"
"raíz_de_bo_traja";"conservas"
"relación_de_algunas_cantidades_para_bocel";"tecnicas"
"saiptcoh_dé_atún";"pescados"
"salchichas";"fiambres"
"salchichones_de_carne_de_puerco";"fiambres"
"salpicón_de_baca";"carnes-ternera"
"salsa_brenca";"salsas"
"salsa_de_lecboti";"salsas"
"sardinas_rellenas_de_escabeche";"pescados"
"sesos_de_ternera";"carnes-ternera"
"sollo_asado";"pescados"
"solomillos_de_venado";"carnes-venado"
"sopa_borracha";"sopas_potajes_y_cazuelas"
"sopa_de_aragón";"sopas_potajes_y_cazuelas"
"sopa_de_borrajas";"sopas_potajes_y_cazuelas"
"sopa_de_calabaza_redonda";"sopas_potajes_y_cazuelas"
"sopa_de_capirotada";"sopas_potajes_y_cazuelas"
"sopa_de_carpas";"sopas_potajes_y_cazuelas"
"sopa_de_huevos_escalfados_con_leche";"huevos"
"sopa_de_huevos_estrellados_con_leche";"huevos"
"sopa_de_lechugas";"sopas_potajes_y_cazuelas"
"sopa_de_navos";"sopas_potajes_y_cazuelas"
"sopa_de_perdtzn";"sopas_potajes_y_cazuelas"
"sopa_de_truchas";"sopas_potajes_y_cazuelas"
"sopa_de_vaca_á_la_portuguesa_y_contrabecba_en";"sopas_potajes_y_cazuelas"
"sopa_dorada";"sopas_potajes_y_cazuelas"
"sopas_a_la_portuguesa";"sopas_potajes_y_cazuelas"
"sopas_de_notas";"sopas_potajes_y_cazuelas"
"sustancia_asada";"enfermos_y_pobres"
"sustancia_de_pobres";"enfermos_y_pobres"
"sustancias_para_enfermos";"enfermos_y_pobres"
"tabletas_de_masa";"dulces"
"tallos_de_lechugas";"conservas"
"toronjas";"conservas"
"torreznos_lampreados";"carnes-cerdo"
"torrijas_da_natas_sin_pan";"empanadas_pasteles_y_masas"
"torrijas_de_pan";"dulces"
"torta_blanca";"dulces"
"torta_de_acelgas";"empanadas_pasteles_y_masas"
"torta_de_agraz";"empanadas_pasteles_y_masas"
"torta_de_albcrcbigos";"empanadas_pasteles_y_masas"
"torta_de_almendras";"empanadas_pasteles_y_masas"
"torta_de_borrajas";"empanadas_pasteles_y_masas"
"torta_de_danta";"dulces"
"torta_de_dátiles";"dulces"
"torta_de_guindas";"empanadas_pasteles_y_masas"
"torta_de_manjar_blanco";"empanadas_pasteles_y_masas"
"torta_de_orejones";"empanadas_pasteles_y_masas"
"torta_de_ternera_o_cabrito";"empanadas_pasteles_y_masas"
"tortas_de_tiatas";"empanadas_pasteles_y_masas"
"tortilla_blanca";"huevos"
"tortillas_cartujas";"huevos"
"tortillas_de_agua";"huevos"
"tortillas_de_queso_fresco";"huevos"
"tortillas_delgadas_de_aceyte";"dulces"
"tortillas_dobladas";"huevos"
"truchas_estofadas";"pescados"
"un_barbo_estofado";"pescados"
"un_capón_que_sea_medio_cocido_y_medio_asado";"carnes-capon"
"un_capón_relleno_con_ostiones";"carnes-capon"
"un_fl_tíhlo_de_cabrito";"carnes-cabrito"
"un_flato_de_madrecillas_de_gallinas_rellenas";"carnes-gallina"
"un_lechen_en_salchichón";"carnes-embutidos"
"un_pastel_de_ave_para_enfermo";"empanadas_pasteles_y_masas"
"un_pastel_de_membrillos";"empanadas_pasteles_y_masas"
"un_pastel_embote_de_sollo";"empanadas_pasteles_y_masas"
"un_pastelón_de_mazapan";"empanadas_pasteles_y_masas"
"un_platillo_de_artaletes";"empanadas_pasteles_y_masas"
"un_platillo_de_aves_con_acederas";"carnes-ave"
"un_platillo_de_jadeo_de_manos_de_ternera";"carnes-ternera"
"un_platillo_de_pichones_ó_pollos_ó_palo";"carnes-pichon"
"un_plato_de_carnero_adobado";"carnes-carnero"
"un_plato_de_todas_frutas";"frutas"
"un_rebollo";"empanadas_pasteles_y_masas"
"un_solomo_de_daca_relleno_f";"carnes-ternera"
"una_ave_á_la_portuguesa";"carnes-ave"
"una_cazolilla_de_ave_para_enfermen";"enfermos_y_pobres"
"una_cazuela_de_ave";"carnes-ave"
"una_cazuela_de_natas";"sopas_potajes_y_cazuelas"
"una_costrada_de_limoncillos_y_mazapan";"empanadas_pasteles_y_masas"
"una_empanada_de_menudos_de_pavos";"empanadas_pasteles_y_masas"
"una_empanada_de_pichones";"empanadas_pasteles_y_masas"
"una_empanada_inglesa";"empanadas_pasteles_y_masas"
"una_empanada_inglesa_de_sollo";"empanadas_pasteles_y_masas"
"una_eostrada_de_soljo";"empanadas_pasteles_y_masas"
"una_escudilla_de_almendrada";"verduras"
"una_escudilla_de_almidón";"dulces"
"una_escudilla_de_borrajas";"verduras"
"una_escudilla_de_caldo";"enfermos_y_pobres"
"una_fiema_de_camero_estofada";"carnes-carnero"
"una_fiema_de_carnero_rellena";"carnes-carnero"
"una_fruta_de_natas";"frutas"
"una_gallina_rellena_en_alf_teté";"carnes-gallina"
"una_liebre_en_lebrada";"carnes-liebre"
"una_ojaldre_tropesada";"empanadas_pasteles_y_masas"
"una_olla_podrida_en_pastel";"sopas_potajes_y_cazuelas"
"una_panetela";"dulces"
"una_torta_de_cidre_verde";"empanadas_pasteles_y_masas"
"una_torta_de_limones_verdes";"empanadas_pasteles_y_masas"
"una_tortilla_ecn_agua_y_sal";"huevos"
"unas_albondiguillas_de_carpas";"pescados"
"unas_revanadas_de_pan_eonfervadas";"dulces"
"und_fiema_de_carnero_á_la_francesa";"carnes-carnero"
"unos_pcatostes_de_ubre_de_ternera";"carnes-ternera"
"uspot";"carnes-ternera"
"vcrdizcs_asadas_con_azeyte";"carnes-perdiz"
"vinagre_de_sahuco";"varios"
"vizcocblllos_secos";"dulces"
"vizcocbos_de_harina_de_trigo";"dulces"
"vizcocho_sin_harina";"dulces"
"vizcoehos_de_harina_dé_trigo_y_arroz";"dulces"
"xalea_de_granadas";"jaleas"
"xibia_y_calamares_y_pulpo";"pescados"
